Cultural_Dimension,Germany,France,UK,Italy,Netherlands,Spain,Sweden,Marketing_Implications
Power_Distance,Low,Medium,Low,Medium,Very_Low,Medium,Very_Low,Flat_vs_Hierarchical_Messaging
Individualism,High,High,Very_High,Medium,High,Medium,High,Personal_vs_Collective_Benefits
Masculinity,High,Low,High,Medium,Low,Low,Very_Low,Achievement_vs_Relationship_Focus
Uncertainty_Avoidance,Medium,High,Low,High,Medium,High,Low,Risk_Communication_Strategy
Long_Term_Orientation,High,Medium,Low,Medium,High,Medium,High,Tradition_vs_Innovation_Balance
Indulgence,Low,Medium,High,Medium,High,Medium,High,Restraint_vs_Gratification_Appeals
Communication_Style,Direct,Contextual,Indirect,Expressive,Very_Direct,Warm,Direct,Message_Tone_Approach
Time_Orientation,Punctual,Flexible,Punctual,Flexible,Very_Punctual,Relaxed,Punctual,Scheduling_Expectations
Work_Life_Balance,High,High,Medium,High,Very_High,High,Very_High,Business_Hours_Respect
Environmental_Concern,Very_High,High,High,Medium,Very_High,Medium,Very_High,Sustainability_Messaging