Service,Ghana,Nigeria,South_Africa,Coverage_Area,Primary_Users,Marketing_Approach
MTN_Mobile_Money,Very_High,Very_High,High,Pan_African,Mass_Market,Convenience_Accessibility
Vodafone_Cash,High,Low,Medium,Ghana_International,Urban_Professional,Reliability_International
Airtel_Money,Medium,High,Medium,Pan_African,Cost_Conscious,Affordability_Value
Orange_Money,Medium,Low,Low,West_Central_Africa,Regional_Users,Local_Community_Focus
Ecobank_Mobile,Medium,Medium,High,Pan_African,Banked_Population,Banking_Integration
Access_Bank_Mobile,Low,High,Medium,Nigeria_Focus,Business_Customers,Business_Solutions
Standard_Bank_Mobile,Low,Low,Very_High,Southern_Africa,Affluent_Customers,Premium_Services
First_National_Bank,Low,Low,High,South_Africa,Middle_Class,Digital_Innovation
Capitec_Bank,Low,Low,Very_High,South_Africa,Mass_Market,Simplicity_Low_Cost
Flutterwave,Medium,Very_High,Medium,Pan_African,Businesses,Payment_Solutions