Platform,Spain_Usage,Mexico_Usage,Argentina_Usage,Colombia_Usage,Primary_Age_Group,Content_Type,Best_Practices
WhatsApp,88,87,86,84,All_Ages,Messaging_Business,Personal_Customer_Service
Facebook,78,82,79,81,25-54,Social_Community,Local_Community_Pages
Instagram,56,61,58,59,18-34,Visual_Stories,Influencer_Lifestyle
YouTube,89,85,87,83,16-45,Video_Entertainment,Educational_Entertainment
TikTok,34,38,36,35,16-24,Short_Videos,Trending_Challenges
Twitter,22,25,28,24,25-44,News_Opinion,Real_Time_Engagement
LinkedIn,19,15,21,16,25-54,Professional,B2B_Networking
Snapchat,12,15,14,13,13-24,Photo_Messages,Youth_Campaigns
Pinterest,18,16,19,15,25-44,Visual_Ideas,Lifestyle_Inspiration
Telegram,15,12,18,14,18-34,Messaging_Groups,Community_Building